{
  "parent": "minecraft:item/handheld",
  "textures": {
    "layer0": "minecraft:item/barbaric_axe"
  },
  "display": {
    "thirdperson": {
        "rotation": [ 0, -90, 120 ],
        "translation": [ 0, 4, -13 ],
        "scale": [ 3.4, 3.4, 0.85 ]
    },
    "firstperson": {
        "rotation": [ 0, -135, 25 ],
        "translation": [ 0, 4, 2 ],
        "scale": [ 3.4, 3.4, 1.7 ]
    },
    "ground": {
        "rotation": [ 0, 0, 0 ],
        "translation": [ 0, 0, 0 ],
        "scale": [ 1.0, 1.0, 0.5 ]
    },
    "fixed": {
        "rotation": [ 0, 0, 0 ],
        "translation": [ 0, 0, 0 ],
        "scale": [ 2.0, 2.0, 1.0 ]
    },
    "gui": {
        "rotation": [ 0, 0, 0 ],
        "translation": [ 0, 0, 0 ],
        "scale": [ 2.0, 2.0, 1.0 ]
    },
    "thirdperson_righthand":
    {
      "scale": [1.5, 1.5, 0.8],
      "translation": [0.0, 10.0, 1.0],
      "rotation": [0,-90,45]
    },
    "firstperson_righthand":
    {
        "translation": [2,7.5,0],
        "rotation": [0,-90,25],
        "scale": [1.2, 1.2, 0.7]
    },
    "thirdperson_lefthand":
    {
      "scale": [1.5, 1.5, 0.8],
      "translation": [0.0, 10.0, 1.0],
      "rotation": [0,90,-45]
    },
    "firstperson_lefthand":
    {
        "translation": [2,7.5,0],
        "rotation": [0,90,-25],
        "scale": [1.2, 1.2, 0.7]
  }
 }
}